<?xml version="1.0" encoding="UTF-8"?>
<project-private xmlns="http://www.netbeans.org/ns/project-private/1">
    <editor-bookmarks xmlns="http://www.netbeans.org/ns/editor-bookmarks/2" lastBookmarkId="0"/>
    <open-files xmlns="http://www.netbeans.org/ns/projectui-open-files/2">
        <group>
            <file>file:/D:/Document/大二/oop作业/编程作业/ChristmasGUI/src/christmasgui/GUI.java</file>
            <file>file:/D:/Document/大二/oop作业/编程作业/ChristmasGUI/src/christmasgui/Christmas.java</file>
        </group>
    </open-files>
</project-private>
